┌─────────────────────┬────────────────────────────────────────────────────────┐
│ critical            │ fast-xml-parser has an entity encoding bypass via      │
│                     │ regex injection in DOCTYPE entity names                │
├─────────────────────┼────────────────────────────────────────────────────────┤
│ Package             │ fast-xml-parser                                        │
├─────────────────────┼────────────────────────────────────────────────────────┤
│ Vulnerable versions │ >=4.1.3 <4.5.4                                         │
├─────────────────────┼────────────────────────────────────────────────────────┤
│ Patched versions    │ >=4.5.4                                                │
├─────────────────────┼────────────────────────────────────────────────────────┤
│ Paths               │ .>@astrojs/rss>fast-xml-parser                         │
├─────────────────────┼────────────────────────────────────────────────────────┤
│ More info           │ https://github.com/advisories/GHSA-m7jm-9gc2-mpf2      │
└─────────────────────┴────────────────────────────────────────────────────────┘
┌─────────────────────┬────────────────────────────────────────────────────────┐
│ critical            │ Arbitrary code execution in protobufjs                 │
├─────────────────────┼────────────────────────────────────────────────────────┤
│ Package             │ protobufjs                                             │
├─────────────────────┼────────────────────────────────────────────────────────┤
│ Vulnerable versions │ <7.5.5                                                 │
├─────────────────────┼────────────────────────────────────────────────────────┤
│ Patched versions    │ >=7.5.5                                                │
├─────────────────────┼────────────────────────────────────────────────────────┤
│ Paths               │ .>flowbite-react>contentlayer>@contentlayer/           │
│                     │ utils>@opentelemetry/exporter-trace-otlp-grpc>@grpc/   │
│                     │ grpc-js>@grpc/proto-loader>protobufjs                  │
├─────────────────────┼────────────────────────────────────────────────────────┤
│ More info           │ https://github.com/advisories/GHSA-xq3m-2v4x-88gg      │
└─────────────────────┴────────────────────────────────────────────────────────┘
┌─────────────────────┬────────────────────────────────────────────────────────┐
│ high                │ Next.js Server-Side Request Forgery in Server Actions  │
├─────────────────────┼────────────────────────────────────────────────────────┤
│ Package             │ next                                                   │
├─────────────────────┼────────────────────────────────────────────────────────┤
│ Vulnerable versions │ >=13.4.0 <14.1.1                                       │
├─────────────────────┼────────────────────────────────────────────────────────┤
│ Patched versions    │ >=14.1.1                                               │
├─────────────────────┼────────────────────────────────────────────────────────┤
│ Paths               │ .>flowbite-react>next-contentlayer>next                │
├─────────────────────┼────────────────────────────────────────────────────────┤
│ More info           │ https://github.com/advisories/GHSA-fr5h-rqp8-mj6g      │
└─────────────────────┴────────────────────────────────────────────────────────┘
┌─────────────────────┬────────────────────────────────────────────────────────┐
│ high                │ Uncontrolled resource consumption in braces            │
├─────────────────────┼────────────────────────────────────────────────────────┤
│ Package             │ braces                                                 │
├─────────────────────┼────────────────────────────────────────────────────────┤
│ Vulnerable versions │ <3.0.3                                                 │
├─────────────────────┼────────────────────────────────────────────────────────┤
│ Patched versions    │ >=3.0.3                                                │
├─────────────────────┼────────────────────────────────────────────────────────┤
│ Paths               │ .>@astrojs/check>chokidar>braces                       │
├─────────────────────┼────────────────────────────────────────────────────────┤
│ More info           │ https://github.com/advisories/GHSA-grv7-fg5c-xmjg      │
└─────────────────────┴────────────────────────────────────────────────────────┘
┌─────────────────────┬────────────────────────────────────────────────────────┐
│ high                │ dset Prototype Pollution vulnerability                 │
├─────────────────────┼────────────────────────────────────────────────────────┤
│ Package             │ dset                                                   │
├─────────────────────┼────────────────────────────────────────────────────────┤
│ Vulnerable versions │ <3.1.4                                                 │
├─────────────────────┼────────────────────────────────────────────────────────┤
│ Patched versions    │ >=3.1.4                                                │
├─────────────────────┼────────────────────────────────────────────────────────┤
│ Paths               │ .>astro>dset                                           │
├─────────────────────┼────────────────────────────────────────────────────────┤
│ More info           │ https://github.com/advisories/GHSA-f6v4-cf5j-vf3w      │
└─────────────────────┴────────────────────────────────────────────────────────┘
┌─────────────────────┬────────────────────────────────────────────────────────┐
│ high                │ DOM Clobbering Gadget found in rollup bundled scripts  │
│                     │ that leads to XSS                                      │
├─────────────────────┼────────────────────────────────────────────────────────┤
│ Package             │ rollup                                                 │
├─────────────────────┼────────────────────────────────────────────────────────┤
│ Vulnerable versions │ >=4.0.0 <4.22.4                                        │
├─────────────────────┼────────────────────────────────────────────────────────┤
│ Patched versions    │ >=4.22.4                                               │
├─────────────────────┼────────────────────────────────────────────────────────┤
│ Paths               │ .>@astrojs/react>@vitejs/plugin-react>vite>rollup      │
├─────────────────────┼────────────────────────────────────────────────────────┤
│ More info           │ https://github.com/advisories/GHSA-gcx4-mw62-g8wm      │
└─────────────────────┴────────────────────────────────────────────────────────┘
┌─────────────────────┬────────────────────────────────────────────────────────┐
│ high                │ fast-xml-parser vulnerable to ReDOS at currency        │
│                     │ parsing                                                │
├─────────────────────┼────────────────────────────────────────────────────────┤
│ Package             │ fast-xml-parser                                        │
├─────────────────────┼────────────────────────────────────────────────────────┤
│ Vulnerable versions │ >=4.3.5 <4.4.1                                         │
├─────────────────────┼────────────────────────────────────────────────────────┤
│ Patched versions    │ >=4.4.1                                                │
├─────────────────────┼────────────────────────────────────────────────────────┤
│ Paths               │ .>@astrojs/rss>fast-xml-parser                         │
├─────────────────────┼────────────────────────────────────────────────────────┤
│ More info           │ https://github.com/advisories/GHSA-mpg4-rc92-vx8v      │
└─────────────────────┴────────────────────────────────────────────────────────┘
┌─────────────────────┬────────────────────────────────────────────────────────┐
│ high                │ path-to-regexp outputs backtracking regular            │
│                     │ expressions                                            │
├─────────────────────┼────────────────────────────────────────────────────────┤
│ Package             │ path-to-regexp                                         │
├─────────────────────┼────────────────────────────────────────────────────────┤
│ Vulnerable versions │ >=4.0.0 <6.3.0                                         │
├─────────────────────┼────────────────────────────────────────────────────────┤
│ Patched versions    │ >=6.3.0                                                │
├─────────────────────┼────────────────────────────────────────────────────────┤
│ Paths               │ .>astro>path-to-regexp                                 │
├─────────────────────┼────────────────────────────────────────────────────────┤
│ More info           │ https://github.com/advisories/GHSA-9wv6-86v2-598j      │
└─────────────────────┴────────────────────────────────────────────────────────┘
┌─────────────────────┬────────────────────────────────────────────────────────┐
│ high                │ Regular Expression Denial of Service (ReDoS) in        │
│                     │ cross-spawn                                            │
├─────────────────────┼────────────────────────────────────────────────────────┤
│ Package             │ cross-spawn                                            │
├─────────────────────┼────────────────────────────────────────────────────────┤
│ Vulnerable versions │ >=7.0.0 <7.0.5                                         │
├─────────────────────┼────────────────────────────────────────────────────────┤
│ Patched versions    │ >=7.0.5                                                │
├─────────────────────┼────────────────────────────────────────────────────────┤
│ Paths               │ .>astro>execa>cross-spawn                              │
├─────────────────────┼────────────────────────────────────────────────────────┤
│ More info           │ https://github.com/advisories/GHSA-3xgq-45jj-v275      │
└─────────────────────┴────────────────────────────────────────────────────────┘
┌─────────────────────┬────────────────────────────────────────────────────────┐
│ high                │ Command Injection in lodash                            │
├─────────────────────┼────────────────────────────────────────────────────────┤
│ Package             │ lodash.template                                        │
├─────────────────────┼────────────────────────────────────────────────────────┤
│ Vulnerable versions │ <=4.5.0                                                │
├─────────────────────┼────────────────────────────────────────────────────────┤
│ Patched versions    │ <0.0.0                                                 │
├─────────────────────┼────────────────────────────────────────────────────────┤
│ Paths               │ .>flowbite-react>markdown-                             │
│                     │ toc>remarkable>autolinker>gulp-header>lodash.template  │
├─────────────────────┼────────────────────────────────────────────────────────┤
│ More info           │ https://github.com/advisories/GHSA-35jh-r3h4-6jhm      │
└─────────────────────┴────────────────────────────────────────────────────────┘
┌─────────────────────┬────────────────────────────────────────────────────────┐
│ high                │ devalue prototype pollution vulnerability              │
├─────────────────────┼────────────────────────────────────────────────────────┤
│ Package             │ devalue                                                │
├─────────────────────┼────────────────────────────────────────────────────────┤
│ Vulnerable versions │ <5.3.2                                                 │
├─────────────────────┼────────────────────────────────────────────────────────┤
│ Patched versions    │ >=5.3.2                                                │
├─────────────────────┼────────────────────────────────────────────────────────┤
│ Paths               │ .>astro>devalue                                        │
├─────────────────────┼────────────────────────────────────────────────────────┤
│ More info           │ https://github.com/advisories/GHSA-vj54-72f3-p5jv      │
└─────────────────────┴────────────────────────────────────────────────────────┘
┌─────────────────────┬────────────────────────────────────────────────────────┐
│ high                │ Next.js authorization bypass vulnerability             │
├─────────────────────┼────────────────────────────────────────────────────────┤
│ Package             │ next                                                   │
├─────────────────────┼────────────────────────────────────────────────────────┤
│ Vulnerable versions │ >=9.5.5 <14.2.15                                       │
├─────────────────────┼────────────────────────────────────────────────────────┤
│ Patched versions    │ >=14.2.15                                              │
├─────────────────────┼────────────────────────────────────────────────────────┤
│ Paths               │ .>flowbite-react>next-contentlayer>next                │
├─────────────────────┼────────────────────────────────────────────────────────┤
│ More info           │ https://github.com/advisories/GHSA-7gfc-8cq8-jh5f      │
└─────────────────────┴────────────────────────────────────────────────────────┘
┌─────────────────────┬────────────────────────────────────────────────────────┐
│ high                │ tar-fs has a symlink validation bypass if destination  │
│                     │ directory is predictable with a specific tarball       │
├─────────────────────┼────────────────────────────────────────────────────────┤
│ Package             │ tar-fs                                                 │
├─────────────────────┼────────────────────────────────────────────────────────┤
│ Vulnerable versions │ >=2.0.0 <2.1.4                                         │
├─────────────────────┼────────────────────────────────────────────────────────┤
│ Patched versions    │ >=2.1.4                                                │
├─────────────────────┼────────────────────────────────────────────────────────┤
│ Paths               │ .>sharp>prebuild-install>tar-fs                        │
├─────────────────────┼────────────────────────────────────────────────────────┤
│ More info           │ https://github.com/advisories/GHSA-vj76-c3g6-qr5v      │
└─────────────────────┴────────────────────────────────────────────────────────┘
┌─────────────────────┬────────────────────────────────────────────────────────┐
│ high                │ tar-fs has a symlink validation bypass if destination  │
│                     │ directory is predictable with a specific tarball       │
├─────────────────────┼────────────────────────────────────────────────────────┤
│ Package             │ tar-fs                                                 │
├─────────────────────┼────────────────────────────────────────────────────────┤
│ Vulnerable versions │ >=3.0.0 <3.1.1                                         │
├─────────────────────┼────────────────────────────────────────────────────────┤
│ Patched versions    │ >=3.1.1                                                │
├─────────────────────┼────────────────────────────────────────────────────────┤
│ Paths               │ .>sharp>tar-fs                                         │
├─────────────────────┼────────────────────────────────────────────────────────┤
│ More info           │ https://github.com/advisories/GHSA-vj76-c3g6-qr5v      │
└─────────────────────┴────────────────────────────────────────────────────────┘
┌─────────────────────┬────────────────────────────────────────────────────────┐
│ high                │ tar-fs can extract outside the specified dir with a    │
│                     │ specific tarball                                       │
├─────────────────────┼────────────────────────────────────────────────────────┤
│ Package             │ tar-fs                                                 │
├─────────────────────┼────────────────────────────────────────────────────────┤
│ Vulnerable versions │ >=3.0.0 <3.0.9                                         │
├─────────────────────┼────────────────────────────────────────────────────────┤
│ Patched versions    │ >=3.0.9                                                │
├─────────────────────┼────────────────────────────────────────────────────────┤
│ Paths               │ .>sharp>tar-fs                                         │
├─────────────────────┼────────────────────────────────────────────────────────┤
│ More info           │ https://github.com/advisories/GHSA-8cj5-5rvv-wf4v      │
└─────────────────────┴────────────────────────────────────────────────────────┘
┌─────────────────────┬────────────────────────────────────────────────────────┐
│ high                │ tar-fs can extract outside the specified dir with a    │
│                     │ specific tarball                                       │
├─────────────────────┼────────────────────────────────────────────────────────┤
│ Package             │ tar-fs                                                 │
├─────────────────────┼────────────────────────────────────────────────────────┤
│ Vulnerable versions │ >=2.0.0 <2.1.3                                         │
├─────────────────────┼────────────────────────────────────────────────────────┤
│ Patched versions    │ >=2.1.3                                                │
├─────────────────────┼────────────────────────────────────────────────────────┤
│ Paths               │ .>sharp>prebuild-install>tar-fs                        │
├─────────────────────┼────────────────────────────────────────────────────────┤
│ More info           │ https://github.com/advisories/GHSA-8cj5-5rvv-wf4v      │
└─────────────────────┴────────────────────────────────────────────────────────┘
┌─────────────────────┬────────────────────────────────────────────────────────┐
│ high                │ tar-fs Vulnerable to Link Following and Path Traversal │
│                     │ via Extracting a Crafted tar File                      │
├─────────────────────┼────────────────────────────────────────────────────────┤
│ Package             │ tar-fs                                                 │
├─────────────────────┼────────────────────────────────────────────────────────┤
│ Vulnerable versions │ >=3.0.0 <3.0.7                                         │
├─────────────────────┼────────────────────────────────────────────────────────┤
│ Patched versions    │ >=3.0.7                                                │
├─────────────────────┼────────────────────────────────────────────────────────┤
│ Paths               │ .>sharp>tar-fs                                         │
├─────────────────────┼────────────────────────────────────────────────────────┤
│ More info           │ https://github.com/advisories/GHSA-pq67-2wwv-3xjx      │
└─────────────────────┴────────────────────────────────────────────────────────┘
┌─────────────────────┬────────────────────────────────────────────────────────┐
│ high                │ tar-fs Vulnerable to Link Following and Path Traversal │
│                     │ via Extracting a Crafted tar File                      │
├─────────────────────┼────────────────────────────────────────────────────────┤
│ Package             │ tar-fs                                                 │
├─────────────────────┼────────────────────────────────────────────────────────┤
│ Vulnerable versions │ >=2.0.0 <2.1.2                                         │
├─────────────────────┼────────────────────────────────────────────────────────┤
│ Patched versions    │ >=2.1.2                                                │
├─────────────────────┼────────────────────────────────────────────────────────┤
│ Paths               │ .>sharp>prebuild-install>tar-fs                        │
├─────────────────────┼────────────────────────────────────────────────────────┤
│ More info           │ https://github.com/advisories/GHSA-pq67-2wwv-3xjx      │
└─────────────────────┴────────────────────────────────────────────────────────┘
┌─────────────────────┬────────────────────────────────────────────────────────┐
│ high                │ glob CLI: Command injection via -c/--cmd executes      │
│                     │ matches with shell:true                                │
├─────────────────────┼────────────────────────────────────────────────────────┤
│ Package             │ glob                                                   │
├─────────────────────┼────────────────────────────────────────────────────────┤
│ Vulnerable versions │ >=10.2.0 <10.5.0                                       │
├─────────────────────┼────────────────────────────────────────────────────────┤
│ Patched versions    │ >=10.5.0                                               │
├─────────────────────┼────────────────────────────────────────────────────────┤
│ Paths               │ .>tailwindcss>sucrase>glob                             │
├─────────────────────┼────────────────────────────────────────────────────────┤
│ More info           │ https://github.com/advisories/GHSA-5j98-mcp5-4vw2      │
└─────────────────────┴────────────────────────────────────────────────────────┘
┌─────────────────────┬────────────────────────────────────────────────────────┐
│ high                │ Astro vulnerable to reflected XSS via the server       │
│                     │ islands feature                                        │
├─────────────────────┼────────────────────────────────────────────────────────┤
│ Package             │ astro                                                  │
├─────────────────────┼────────────────────────────────────────────────────────┤
│ Vulnerable versions │ <=5.15.6                                               │
├─────────────────────┼────────────────────────────────────────────────────────┤
│ Patched versions    │ >=5.15.8                                               │
├─────────────────────┼────────────────────────────────────────────────────────┤
│ Paths               │ .>astro                                                │
├─────────────────────┼────────────────────────────────────────────────────────┤
│ More info           │ https://github.com/advisories/GHSA-wrwg-2hg8-v723      │
└─────────────────────┴────────────────────────────────────────────────────────┘
┌─────────────────────┬────────────────────────────────────────────────────────┐
│ high                │ Astro's server source code is exposed to the public if │
│                     │ sourcemaps are enabled                                 │
├─────────────────────┼────────────────────────────────────────────────────────┤
│ Package             │ astro                                                  │
├─────────────────────┼────────────────────────────────────────────────────────┤
│ Vulnerable versions │ <=4.16.17                                              │
├─────────────────────┼────────────────────────────────────────────────────────┤
│ Patched versions    │ >=4.16.18                                              │
├─────────────────────┼────────────────────────────────────────────────────────┤
│ Paths               │ .>astro                                                │
├─────────────────────┼────────────────────────────────────────────────────────┤
│ More info           │ https://github.com/advisories/GHSA-49w6-73cw-chjr      │
└─────────────────────┴────────────────────────────────────────────────────────┘
┌─────────────────────┬────────────────────────────────────────────────────────┐
│ high                │ Next Vulnerable to Denial of Service with Server       │
│                     │ Components                                             │
├─────────────────────┼────────────────────────────────────────────────────────┤
│ Package             │ next                                                   │
├─────────────────────┼────────────────────────────────────────────────────────┤
│ Vulnerable versions │ >=13.3.0 <14.2.34                                      │
├─────────────────────┼────────────────────────────────────────────────────────┤
│ Patched versions    │ >=14.2.34                                              │
├─────────────────────┼────────────────────────────────────────────────────────┤
│ Paths               │ .>flowbite-react>next-contentlayer>next                │
├─────────────────────┼────────────────────────────────────────────────────────┤
│ More info           │ https://github.com/advisories/GHSA-mwv6-3258-q52c      │
└─────────────────────┴────────────────────────────────────────────────────────┘
┌─────────────────────┬────────────────────────────────────────────────────────┐
│ high                │ Next has a Denial of Service with Server Components -  │
│                     │ Incomplete Fix Follow-Up                               │
├─────────────────────┼────────────────────────────────────────────────────────┤
│ Package             │ next                                                   │
├─────────────────────┼────────────────────────────────────────────────────────┤
│ Vulnerable versions │ >=13.3.1-canary.0 <14.2.35                             │
├─────────────────────┼────────────────────────────────────────────────────────┤
│ Patched versions    │ >=14.2.35                                              │
├─────────────────────┼────────────────────────────────────────────────────────┤
│ Paths               │ .>flowbite-react>next-contentlayer>next                │
├─────────────────────┼────────────────────────────────────────────────────────┤
│ More info           │ https://github.com/advisories/GHSA-5j59-xgg2-r9c4      │
└─────────────────────┴────────────────────────────────────────────────────────┘
┌─────────────────────┬────────────────────────────────────────────────────────┐
│ high                │ Next.js HTTP request deserialization can lead to DoS   │
│                     │ when using insecure React Server Components            │
├─────────────────────┼────────────────────────────────────────────────────────┤
│ Package             │ next                                                   │
├─────────────────────┼────────────────────────────────────────────────────────┤
│ Vulnerable versions │ >=13.0.0 <15.0.8                                       │
├─────────────────────┼────────────────────────────────────────────────────────┤
│ Patched versions    │ >=15.0.8                                               │
├─────────────────────┼────────────────────────────────────────────────────────┤
│ Paths               │ .>flowbite-react>next-contentlayer>next                │
├─────────────────────┼────────────────────────────────────────────────────────┤
│ More info           │ https://github.com/advisories/GHSA-h25m-26qc-wcjf      │
└─────────────────────┴────────────────────────────────────────────────────────┘
┌─────────────────────┬────────────────────────────────────────────────────────┐
│ high                │ minimatch has a ReDoS via repeated wildcards with      │
│                     │ non-matching literal in pattern                        │
├─────────────────────┼────────────────────────────────────────────────────────┤
│ Package             │ minimatch                                              │
├─────────────────────┼────────────────────────────────────────────────────────┤
│ Vulnerable versions │ >=9.0.0 <9.0.6                                         │
├─────────────────────┼────────────────────────────────────────────────────────┤
│ Patched versions    │ >=9.0.6                                                │
├─────────────────────┼────────────────────────────────────────────────────────┤
│ Paths               │ .>tailwindcss>sucrase>glob>minimatch                   │
├─────────────────────┼────────────────────────────────────────────────────────┤
│ More info           │ https://github.com/advisories/GHSA-3ppc-4f35-3m26      │
└─────────────────────┴────────────────────────────────────────────────────────┘
┌─────────────────────┬────────────────────────────────────────────────────────┐
│ high                │ Rollup 4 has Arbitrary File Write via Path Traversal   │
├─────────────────────┼────────────────────────────────────────────────────────┤
│ Package             │ rollup                                                 │
├─────────────────────┼────────────────────────────────────────────────────────┤
│ Vulnerable versions │ >=4.0.0 <4.59.0                                        │
├─────────────────────┼────────────────────────────────────────────────────────┤
│ Patched versions    │ >=4.59.0                                               │
├─────────────────────┼────────────────────────────────────────────────────────┤
│ Paths               │ .>@astrojs/react>@vitejs/plugin-react>vite>rollup      │
├─────────────────────┼────────────────────────────────────────────────────────┤
│ More info           │ https://github.com/advisories/GHSA-mw96-cpmx-2vgc      │
└─────────────────────┴────────────────────────────────────────────────────────┘
┌─────────────────────┬────────────────────────────────────────────────────────┐
│ high                │ minimatch has ReDoS: matchOne() combinatorial          │
│                     │ backtracking via multiple non-adjacent GLOBSTAR        │
│                     │ segments                                               │
├─────────────────────┼────────────────────────────────────────────────────────┤
│ Package             │ minimatch                                              │
├─────────────────────┼────────────────────────────────────────────────────────┤
│ Vulnerable versions │ >=9.0.0 <9.0.7                                         │
├─────────────────────┼────────────────────────────────────────────────────────┤
│ Patched versions    │ >=9.0.7                                                │
├─────────────────────┼────────────────────────────────────────────────────────┤
│ Paths               │ .>tailwindcss>sucrase>glob>minimatch                   │
├─────────────────────┼────────────────────────────────────────────────────────┤
│ More info           │ https://github.com/advisories/GHSA-7r86-cg39-jmmj      │
└─────────────────────┴────────────────────────────────────────────────────────┘
┌─────────────────────┬────────────────────────────────────────────────────────┐
│ high                │ minimatch ReDoS: nested *() extglobs generate          │
│                     │ catastrophically backtracking regular expressions      │
├─────────────────────┼────────────────────────────────────────────────────────┤
│ Package             │ minimatch                                              │
├─────────────────────┼────────────────────────────────────────────────────────┤
│ Vulnerable versions │ >=9.0.0 <9.0.7                                         │
├─────────────────────┼────────────────────────────────────────────────────────┤
│ Patched versions    │ >=9.0.7                                                │
├─────────────────────┼────────────────────────────────────────────────────────┤
│ Paths               │ .>tailwindcss>sucrase>glob>minimatch                   │
├─────────────────────┼────────────────────────────────────────────────────────┤
│ More info           │ https://github.com/advisories/GHSA-23c5-xmqv-rm74      │
└─────────────────────┴────────────────────────────────────────────────────────┘
┌─────────────────────┬────────────────────────────────────────────────────────┐
│ high                │ fast-xml-parser affected by DoS through entity         │
│                     │ expansion in DOCTYPE (no expansion limit)              │
├─────────────────────┼────────────────────────────────────────────────────────┤
│ Package             │ fast-xml-parser                                        │
├─────────────────────┼────────────────────────────────────────────────────────┤
│ Vulnerable versions │ >=4.1.3 <4.5.4                                         │
├─────────────────────┼────────────────────────────────────────────────────────┤
│ Patched versions    │ >=4.5.4                                                │
├─────────────────────┼────────────────────────────────────────────────────────┤
│ Paths               │ .>@astrojs/rss>fast-xml-parser                         │
├─────────────────────┼────────────────────────────────────────────────────────┤
│ More info           │ https://github.com/advisories/GHSA-jmr7-xgp7-cmfj      │
└─────────────────────┴────────────────────────────────────────────────────────┘
┌─────────────────────┬────────────────────────────────────────────────────────┐
│ high                │ fast-xml-parser affected by numeric entity expansion   │
│                     │ bypassing all entity expansion limits (incomplete fix  │
│                     │ for CVE-2026-26278)                                    │
├─────────────────────┼────────────────────────────────────────────────────────┤
│ Package             │ fast-xml-parser                                        │
├─────────────────────┼────────────────────────────────────────────────────────┤
│ Vulnerable versions │ >=4.0.0-beta.3 <4.5.5                                  │
├─────────────────────┼────────────────────────────────────────────────────────┤
│ Patched versions    │ >=4.5.5                                                │
├─────────────────────┼────────────────────────────────────────────────────────┤
│ Paths               │ .>@astrojs/rss>fast-xml-parser                         │
├─────────────────────┼────────────────────────────────────────────────────────┤
│ More info           │ https://github.com/advisories/GHSA-8gc5-j5rx-235r      │
└─────────────────────┴────────────────────────────────────────────────────────┘
┌─────────────────────┬────────────────────────────────────────────────────────┐
│ high                │ Picomatch has a ReDoS vulnerability via extglob        │
│                     │ quantifiers                                            │
├─────────────────────┼────────────────────────────────────────────────────────┤
│ Package             │ picomatch                                              │
├─────────────────────┼────────────────────────────────────────────────────────┤
│ Vulnerable versions │ <2.3.2                                                 │
├─────────────────────┼────────────────────────────────────────────────────────┤
│ Patched versions    │ >=2.3.2                                                │
├─────────────────────┼────────────────────────────────────────────────────────┤
│ Paths               │ .>@astrojs/check>chokidar>anymatch>picomatch           │
├─────────────────────┼────────────────────────────────────────────────────────┤
│ More info           │ https://github.com/advisories/GHSA-c2c7-rcm5-vvqj      │
└─────────────────────┴────────────────────────────────────────────────────────┘
┌─────────────────────┬────────────────────────────────────────────────────────┐
│ high                │ lodash vulnerable to Code Injection via `_.template`   │
│                     │ imports key names                                      │
├─────────────────────┼────────────────────────────────────────────────────────┤
│ Package             │ lodash.template                                        │
├─────────────────────┼────────────────────────────────────────────────────────┤
│ Vulnerable versions │ >=4.0.0 <4.18.0                                        │
├─────────────────────┼────────────────────────────────────────────────────────┤
│ Patched versions    │ >=4.18.0                                               │
├─────────────────────┼────────────────────────────────────────────────────────┤
│ Paths               │ .>flowbite-react>markdown-                             │
│                     │ toc>remarkable>autolinker>gulp-header>lodash.template  │
├─────────────────────┼────────────────────────────────────────────────────────┤
│ More info           │ https://github.com/advisories/GHSA-r5fr-rjxr-66jc      │
└─────────────────────┴────────────────────────────────────────────────────────┘
┌─────────────────────┬────────────────────────────────────────────────────────┐
│ high                │ Next.js has a Denial of Service with Server Components │
├─────────────────────┼────────────────────────────────────────────────────────┤
│ Package             │ next                                                   │
├─────────────────────┼────────────────────────────────────────────────────────┤
│ Vulnerable versions │ >=13.0.0 <15.5.15                                      │
├─────────────────────┼────────────────────────────────────────────────────────┤
│ Patched versions    │ >=15.5.15                                              │
├─────────────────────┼────────────────────────────────────────────────────────┤
│ Paths               │ .>flowbite-react>next-contentlayer>next                │
├─────────────────────┼────────────────────────────────────────────────────────┤
│ More info           │ https://github.com/advisories/GHSA-q4gf-8mx6-v5v3      │
└─────────────────────┴────────────────────────────────────────────────────────┘
┌─────────────────────┬────────────────────────────────────────────────────────┐
│ moderate            │ Vite's `server.fs.deny` did not deny requests for      │
│                     │ patterns with directories.                             │
├─────────────────────┼────────────────────────────────────────────────────────┤
│ Package             │ vite                                                   │
├─────────────────────┼────────────────────────────────────────────────────────┤
│ Vulnerable versions │ >=5.1.0 <=5.1.6                                        │
├─────────────────────┼────────────────────────────────────────────────────────┤
│ Patched versions    │ >=5.1.7                                                │
├─────────────────────┼────────────────────────────────────────────────────────┤
│ Paths               │ .>@astrojs/react>@vitejs/plugin-react>vite             │
├─────────────────────┼────────────────────────────────────────────────────────┤
│ More info           │ https://github.com/advisories/GHSA-8jhw-289h-jh2g      │
└─────────────────────┴────────────────────────────────────────────────────────┘
┌─────────────────────┬────────────────────────────────────────────────────────┐
│ moderate            │ @grpc/grpc-js can allocate memory for incoming         │
│                     │ messages well above configured limits                  │
├─────────────────────┼────────────────────────────────────────────────────────┤
│ Package             │ @grpc/grpc-js                                          │
├─────────────────────┼────────────────────────────────────────────────────────┤
│ Vulnerable versions │ >=1.10.0 <1.10.9                                       │
├─────────────────────┼────────────────────────────────────────────────────────┤
│ Patched versions    │ >=1.10.9                                               │
├─────────────────────┼────────────────────────────────────────────────────────┤
│ Paths               │ .>flowbite-react>contentlayer>@contentlayer/           │
│                     │ utils>@opentelemetry/exporter-trace-otlp-grpc>@grpc/   │
│                     │ grpc-js                                                │
├─────────────────────┼────────────────────────────────────────────────────────┤
│ More info           │ https://github.com/advisories/GHSA-7v5v-9h63-cj86      │
└─────────────────────┴────────────────────────────────────────────────────────┘
┌─────────────────────┬────────────────────────────────────────────────────────┐
│ moderate            │ Regular Expression Denial of Service (ReDoS) in        │
│                     │ micromatch                                             │
├─────────────────────┼────────────────────────────────────────────────────────┤
│ Package             │ micromatch                                             │
├─────────────────────┼────────────────────────────────────────────────────────┤
│ Vulnerable versions │ <4.0.8                                                 │
├─────────────────────┼────────────────────────────────────────────────────────┤
│ Patched versions    │ >=4.0.8                                                │
├─────────────────────┼────────────────────────────────────────────────────────┤
│ Paths               │ .>@astrojs/check>fast-glob>micromatch                  │
├─────────────────────┼────────────────────────────────────────────────────────┤
│ More info           │ https://github.com/advisories/GHSA-952p-6rrq-rcjv      │
└─────────────────────┴────────────────────────────────────────────────────────┘
┌─────────────────────┬────────────────────────────────────────────────────────┐
│ moderate            │ Vite's `server.fs.deny` is bypassed when using         │
│                     │ `?import&raw`                                          │
├─────────────────────┼────────────────────────────────────────────────────────┤
│ Package             │ vite                                                   │
├─────────────────────┼────────────────────────────────────────────────────────┤
│ Vulnerable versions │ >=5.0.0 <=5.1.7                                        │
├─────────────────────┼────────────────────────────────────────────────────────┤
│ Patched versions    │ >=5.1.8                                                │
├─────────────────────┼────────────────────────────────────────────────────────┤
│ Paths               │ .>@astrojs/react>@vitejs/plugin-react>vite             │
├─────────────────────┼────────────────────────────────────────────────────────┤
│ More info           │ https://github.com/advisories/GHSA-9cwx-2883-4wfx      │
└─────────────────────┴────────────────────────────────────────────────────────┘
┌─────────────────────┬────────────────────────────────────────────────────────┐
│ moderate            │ Vite DOM Clobbering gadget found in vite bundled       │
│                     │ scripts that leads to XSS                              │
├─────────────────────┼────────────────────────────────────────────────────────┤
│ Package             │ vite                                                   │
├─────────────────────┼────────────────────────────────────────────────────────┤
│ Vulnerable versions │ >=5.0.0 <5.1.8                                         │
├─────────────────────┼────────────────────────────────────────────────────────┤
│ Patched versions    │ >=5.1.8                                                │
├─────────────────────┼────────────────────────────────────────────────────────┤
│ Paths               │ .>@astrojs/react>@vitejs/plugin-react>vite             │
├─────────────────────┼────────────────────────────────────────────────────────┤
│ More info           │ https://github.com/advisories/GHSA-64vr-g452-qvp3      │
└─────────────────────┴────────────────────────────────────────────────────────┘
┌─────────────────────┬────────────────────────────────────────────────────────┐
│ moderate            │ Denial of Service condition in Next.js image           │
│                     │ optimization                                           │
├─────────────────────┼────────────────────────────────────────────────────────┤
│ Package             │ next                                                   │
├─────────────────────┼────────────────────────────────────────────────────────┤
│ Vulnerable versions │ >=10.0.0 <14.2.7                                       │
├─────────────────────┼────────────────────────────────────────────────────────┤
│ Patched versions    │ >=14.2.7                                               │
├─────────────────────┼────────────────────────────────────────────────────────┤
│ Paths               │ .>flowbite-react>next-contentlayer>next                │
├─────────────────────┼────────────────────────────────────────────────────────┤
│ More info           │ https://github.com/advisories/GHSA-g77x-44xx-532m      │
└─────────────────────┴────────────────────────────────────────────────────────┘
┌─────────────────────┬────────────────────────────────────────────────────────┐
│ moderate            │ esbuild enables any website to send any requests to    │
│                     │ the development server and read the response           │
├─────────────────────┼────────────────────────────────────────────────────────┤
│ Package             │ esbuild                                                │
├─────────────────────┼────────────────────────────────────────────────────────┤
│ Vulnerable versions │ <=0.24.2                                               │
├─────────────────────┼────────────────────────────────────────────────────────┤
│ Patched versions    │ >=0.25.0                                               │
├─────────────────────┼────────────────────────────────────────────────────────┤
│ Paths               │ .>@astrojs/react>@vitejs/plugin-react>vite>esbuild     │
├─────────────────────┼────────────────────────────────────────────────────────┤
│ More info           │ https://github.com/advisories/GHSA-67mh-4wv8-2f99      │
└─────────────────────┴────────────────────────────────────────────────────────┘
┌─────────────────────┬────────────────────────────────────────────────────────┐
│ moderate            │ Websites were able to send any requests to the         │
│                     │ development server and read the response in vite       │
├─────────────────────┼────────────────────────────────────────────────────────┤
│ Package             │ vite                                                   │
├─────────────────────┼────────────────────────────────────────────────────────┤
│ Vulnerable versions │ >=5.0.0 <=5.4.11                                       │
├─────────────────────┼────────────────────────────────────────────────────────┤
│ Patched versions    │ >=5.4.12                                               │
├─────────────────────┼────────────────────────────────────────────────────────┤
│ Paths               │ .>@astrojs/react>@vitejs/plugin-react>vite             │
├─────────────────────┼────────────────────────────────────────────────────────┤
│ More info           │ https://github.com/advisories/GHSA-vg6x-rcgg-rjx6      │
└─────────────────────┴────────────────────────────────────────────────────────┘
┌─────────────────────┬────────────────────────────────────────────────────────┐
│ moderate            │ Vite bypasses server.fs.deny when using ?raw??         │
├─────────────────────┼────────────────────────────────────────────────────────┤
│ Package             │ vite                                                   │
├─────────────────────┼────────────────────────────────────────────────────────┤
│ Vulnerable versions │ >=5.0.0 <5.4.15                                        │
├─────────────────────┼────────────────────────────────────────────────────────┤
│ Patched versions    │ >=5.4.15                                               │
├─────────────────────┼────────────────────────────────────────────────────────┤
│ Paths               │ .>@astrojs/react>@vitejs/plugin-react>vite             │
├─────────────────────┼────────────────────────────────────────────────────────┤
│ More info           │ https://github.com/advisories/GHSA-x574-m823-4x7w      │
└─────────────────────┴────────────────────────────────────────────────────────┘
┌─────────────────────┬────────────────────────────────────────────────────────┐
│ moderate            │ estree-util-value-to-estree allows prototype pollution │
│                     │ in generated ESTree                                    │
├─────────────────────┼────────────────────────────────────────────────────────┤
│ Package             │ estree-util-value-to-estree                            │
├─────────────────────┼────────────────────────────────────────────────────────┤
│ Vulnerable versions │ <3.3.3                                                 │
├─────────────────────┼────────────────────────────────────────────────────────┤
│ Patched versions    │ >=3.3.3                                                │
├─────────────────────┼────────────────────────────────────────────────────────┤
│ Paths               │ .>flowbite-react>contentlayer>@contentlayer/core>mdx-  │
│                     │ bundler>remark-mdx-frontmatter>estree-util-value-to-   │
│                     │ estree                                                 │
├─────────────────────┼────────────────────────────────────────────────────────┤
│ More info           │ https://github.com/advisories/GHSA-f7f6-9jq7-3rqj      │
└─────────────────────┴────────────────────────────────────────────────────────┘
┌─────────────────────┬────────────────────────────────────────────────────────┐
│ moderate            │ Vite has an `server.fs.deny` bypass with an invalid    │
│                     │ `request-target`                                       │
├─────────────────────┼────────────────────────────────────────────────────────┤
│ Package             │ vite                                                   │
├─────────────────────┼────────────────────────────────────────────────────────┤
│ Vulnerable versions │ >=5.0.0 <5.4.18                                        │
├─────────────────────┼────────────────────────────────────────────────────────┤
│ Patched versions    │ >=5.4.18                                               │
├─────────────────────┼────────────────────────────────────────────────────────┤
│ Paths               │ .>@astrojs/react>@vitejs/plugin-react>vite             │
├─────────────────────┼────────────────────────────────────────────────────────┤
│ More info           │ https://github.com/advisories/GHSA-356w-63v5-8wf4      │
└─────────────────────┴────────────────────────────────────────────────────────┘
┌─────────────────────┬────────────────────────────────────────────────────────┐
│ moderate            │ Babel has inefficient RegExp complexity in generated   │
│                     │ code with .replace when transpiling named capturing    │
│                     │ groups                                                 │
├─────────────────────┼────────────────────────────────────────────────────────┤
│ Package             │ @babel/runtime                                         │
├─────────────────────┼────────────────────────────────────────────────────────┤
│ Vulnerable versions │ <7.26.10                                               │
├─────────────────────┼────────────────────────────────────────────────────────┤
│ Patched versions    │ >=7.26.10                                              │
├─────────────────────┼────────────────────────────────────────────────────────┤
│ Paths               │ .>flowbite-react>contentlayer>@contentlayer/core>mdx-  │
│                     │ bundler>@babel/runtime                                 │
├─────────────────────┼────────────────────────────────────────────────────────┤
│ More info           │ https://github.com/advisories/GHSA-968p-4wvh-cqc8      │
└─────────────────────┴────────────────────────────────────────────────────────┘
┌─────────────────────┬────────────────────────────────────────────────────────┐
│ moderate            │ Babel has inefficient RegExp complexity in generated   │
│                     │ code with .replace when transpiling named capturing    │
│                     │ groups                                                 │
├─────────────────────┼────────────────────────────────────────────────────────┤
│ Package             │ @babel/helpers                                         │
├─────────────────────┼────────────────────────────────────────────────────────┤
│ Vulnerable versions │ <7.26.10                                               │
├─────────────────────┼────────────────────────────────────────────────────────┤
│ Patched versions    │ >=7.26.10                                              │
├─────────────────────┼────────────────────────────────────────────────────────┤
│ Paths               │ .>@astrojs/react>@vitejs/plugin-react>@babel/          │
│                     │ core>@babel/helpers                                    │
├─────────────────────┼────────────────────────────────────────────────────────┤
│ More info           │ https://github.com/advisories/GHSA-968p-4wvh-cqc8      │
└─────────────────────┴────────────────────────────────────────────────────────┘
┌─────────────────────┬────────────────────────────────────────────────────────┐
│ moderate            │ Vite's server.fs.deny bypassed with /. for files under │
│                     │ project root                                           │
├─────────────────────┼────────────────────────────────────────────────────────┤
│ Package             │ vite                                                   │
├─────────────────────┼────────────────────────────────────────────────────────┤
│ Vulnerable versions │ >=5.0.0 <=5.4.18                                       │
├─────────────────────┼────────────────────────────────────────────────────────┤
│ Patched versions    │ >=5.4.19                                               │
├─────────────────────┼────────────────────────────────────────────────────────┤
│ Paths               │ .>@astrojs/react>@vitejs/plugin-react>vite             │
├─────────────────────┼────────────────────────────────────────────────────────┤
│ More info           │ https://github.com/advisories/GHSA-859w-5945-r5v3      │
└─────────────────────┴────────────────────────────────────────────────────────┘
┌─────────────────────┬────────────────────────────────────────────────────────┐
│ moderate            │ Vite allows server.fs.deny to be bypassed with .svg or │
│                     │ relative paths                                         │
├─────────────────────┼────────────────────────────────────────────────────────┤
│ Package             │ vite                                                   │
├─────────────────────┼────────────────────────────────────────────────────────┤
│ Vulnerable versions │ >=5.0.0 <5.4.17                                        │
├─────────────────────┼────────────────────────────────────────────────────────┤
│ Patched versions    │ >=5.4.17                                               │
├─────────────────────┼────────────────────────────────────────────────────────┤
│ Paths               │ .>@astrojs/react>@vitejs/plugin-react>vite             │
├─────────────────────┼────────────────────────────────────────────────────────┤
│ More info           │ https://github.com/advisories/GHSA-xcj6-pq6g-qj4x      │
└─────────────────────┴────────────────────────────────────────────────────────┘
┌─────────────────────┬────────────────────────────────────────────────────────┐
│ moderate            │ PrismJS DOM Clobbering vulnerability                   │
├─────────────────────┼────────────────────────────────────────────────────────┤
│ Package             │ prismjs                                                │
├─────────────────────┼────────────────────────────────────────────────────────┤
│ Vulnerable versions │ <1.30.0                                                │
├─────────────────────┼────────────────────────────────────────────────────────┤
│ Patched versions    │ >=1.30.0                                               │
├─────────────────────┼────────────────────────────────────────────────────────┤
│ Paths               │ .>@astrojs/mdx>@astrojs/markdown-remark>@astrojs/      │
│                     │ prism>prismjs                                          │
├─────────────────────┼────────────────────────────────────────────────────────┤
│ More info           │ https://github.com/advisories/GHSA-x7hr-w5r2-h6wg      │
└─────────────────────┴────────────────────────────────────────────────────────┘
┌─────────────────────┬────────────────────────────────────────────────────────┐
│ moderate            │ Next.js Affected by Cache Key Confusion for Image      │
│                     │ Optimization API Routes                                │
├─────────────────────┼────────────────────────────────────────────────────────┤
│ Package             │ next                                                   │
├─────────────────────┼────────────────────────────────────────────────────────┤
│ Vulnerable versions │ >=0.9.9 <14.2.31                                       │
├─────────────────────┼────────────────────────────────────────────────────────┤
│ Patched versions    │ >=14.2.31                                              │
├─────────────────────┼────────────────────────────────────────────────────────┤
│ Paths               │ .>flowbite-react>next-contentlayer>next                │
├─────────────────────┼────────────────────────────────────────────────────────┤
│ More info           │ https://github.com/advisories/GHSA-g5qg-72qw-gw5v      │
└─────────────────────┴────────────────────────────────────────────────────────┘
┌─────────────────────┬────────────────────────────────────────────────────────┐
│ moderate            │ Next.js Improper Middleware Redirect Handling Leads to │
│                     │ SSRF                                                   │
├─────────────────────┼────────────────────────────────────────────────────────┤
│ Package             │ next                                                   │
├─────────────────────┼────────────────────────────────────────────────────────┤
│ Vulnerable versions │ >=0.9.9 <14.2.32                                       │
├─────────────────────┼────────────────────────────────────────────────────────┤
│ Patched versions    │ >=14.2.32                                              │
├─────────────────────┼────────────────────────────────────────────────────────┤
│ Paths               │ .>flowbite-react>next-contentlayer>next                │
├─────────────────────┼────────────────────────────────────────────────────────┤
│ More info           │ https://github.com/advisories/GHSA-4342-x723-ch2f      │
└─────────────────────┴────────────────────────────────────────────────────────┘
┌─────────────────────┬────────────────────────────────────────────────────────┐
│ moderate            │ Next.js Content Injection Vulnerability for Image      │
│                     │ Optimization                                           │
├─────────────────────┼────────────────────────────────────────────────────────┤
│ Package             │ next                                                   │
├─────────────────────┼────────────────────────────────────────────────────────┤
│ Vulnerable versions │ >=0.9.9 <14.2.31                                       │
├─────────────────────┼────────────────────────────────────────────────────────┤
│ Patched versions    │ >=14.2.31                                              │
├─────────────────────┼────────────────────────────────────────────────────────┤
│ Paths               │ .>flowbite-react>next-contentlayer>next                │
├─────────────────────┼────────────────────────────────────────────────────────┤
│ More info           │ https://github.com/advisories/GHSA-xv57-4mr9-wg8v      │
└─────────────────────┴────────────────────────────────────────────────────────┘
┌─────────────────────┬────────────────────────────────────────────────────────┐
│ moderate            │ Astro's `X-Forwarded-Host` is reflected without        │
│                     │ validation                                             │
├─────────────────────┼────────────────────────────────────────────────────────┤
│ Package             │ astro                                                  │
├─────────────────────┼────────────────────────────────────────────────────────┤
│ Vulnerable versions │ <5.14.3                                                │
├─────────────────────┼────────────────────────────────────────────────────────┤
│ Patched versions    │ >=5.14.3                                               │
├─────────────────────┼────────────────────────────────────────────────────────┤
│ Paths               │ .>astro                                                │
├─────────────────────┼────────────────────────────────────────────────────────┤
│ More info           │ https://github.com/advisories/GHSA-5ff5-9fcw-vg88      │
└─────────────────────┴────────────────────────────────────────────────────────┘
┌─────────────────────┬────────────────────────────────────────────────────────┐
│ moderate            │ Predictable results in nanoid generation when given    │
│                     │ non-integer values                                     │
├─────────────────────┼────────────────────────────────────────────────────────┤
│ Package             │ nanoid                                                 │
├─────────────────────┼────────────────────────────────────────────────────────┤
│ Vulnerable versions │ <3.3.8                                                 │
├─────────────────────┼────────────────────────────────────────────────────────┤
│ Patched versions    │ >=3.3.8                                                │
├─────────────────────┼────────────────────────────────────────────────────────┤
│ Paths               │ .>@astrojs/react>@vitejs/plugin-                       │
│                     │ react>vite>postcss>nanoid                              │
├─────────────────────┼────────────────────────────────────────────────────────┤
│ More info           │ https://github.com/advisories/GHSA-mwcw-c2x4-8c55      │
└─────────────────────┴────────────────────────────────────────────────────────┘
┌─────────────────────┬────────────────────────────────────────────────────────┐
│ moderate            │ Astro vulnerable to URL manipulation via headers,      │
│                     │ leading to middleware and CVE-2025-61925 bypass        │
├─────────────────────┼────────────────────────────────────────────────────────┤
│ Package             │ astro                                                  │
├─────────────────────┼────────────────────────────────────────────────────────┤
│ Vulnerable versions │ >=2.16.0 <5.15.5                                       │
├─────────────────────┼────────────────────────────────────────────────────────┤
│ Patched versions    │ >=5.15.5                                               │
├─────────────────────┼────────────────────────────────────────────────────────┤
│ Paths               │ .>astro                                                │
├─────────────────────┼────────────────────────────────────────────────────────┤
│ More info           │ https://github.com/advisories/GHSA-hr2q-hp5q-x767      │
└─────────────────────┴────────────────────────────────────────────────────────┘
┌─────────────────────┬────────────────────────────────────────────────────────┐
│ moderate            │ Atro CSRF Middleware Bypass (security.checkOrigin)     │
├─────────────────────┼────────────────────────────────────────────────────────┤
│ Package             │ astro                                                  │
├─────────────────────┼────────────────────────────────────────────────────────┤
│ Vulnerable versions │ <4.16.17                                               │
├─────────────────────┼────────────────────────────────────────────────────────┤
│ Patched versions    │ >=4.16.17                                              │
├─────────────────────┼────────────────────────────────────────────────────────┤
│ Paths               │ .>astro                                                │
├─────────────────────┼────────────────────────────────────────────────────────┤
│ More info           │ https://github.com/advisories/GHSA-c4pw-33h3-35xw      │
└─────────────────────┴────────────────────────────────────────────────────────┘
┌─────────────────────┬────────────────────────────────────────────────────────┐
│ moderate            │ DOM Clobbering Gadget found in astro's client-side     │
│                     │ router that leads to XSS                               │
├─────────────────────┼────────────────────────────────────────────────────────┤
│ Package             │ astro                                                  │
├─────────────────────┼────────────────────────────────────────────────────────┤
│ Vulnerable versions │ >=3.0.0 <4.16.1                                        │
├─────────────────────┼────────────────────────────────────────────────────────┤
│ Patched versions    │ >=4.16.1                                               │
├─────────────────────┼────────────────────────────────────────────────────────┤
│ Paths               │ .>astro                                                │
├─────────────────────┼────────────────────────────────────────────────────────┤
│ More info           │ https://github.com/advisories/GHSA-m85w-3h95-hcf9      │
└─────────────────────┴────────────────────────────────────────────────────────┘
┌─────────────────────┬────────────────────────────────────────────────────────┐
│ moderate            │ Astro allows unauthorized third-party images in _image │
│                     │ endpoint                                               │
├─────────────────────┼────────────────────────────────────────────────────────┤
│ Package             │ astro                                                  │
├─────────────────────┼────────────────────────────────────────────────────────┤
│ Vulnerable versions │ <=4.16.18                                              │
├─────────────────────┼────────────────────────────────────────────────────────┤
│ Patched versions    │ >=4.16.19                                              │
├─────────────────────┼────────────────────────────────────────────────────────┤
│ Paths               │ .>astro                                                │
├─────────────────────┼────────────────────────────────────────────────────────┤
│ More info           │ https://github.com/advisories/GHSA-xf8x-j4p2-f749      │
└─────────────────────┴────────────────────────────────────────────────────────┘
┌─────────────────────┬────────────────────────────────────────────────────────┐
│ moderate            │ Astro Cloudflare adapter has Stored Cross-site         │
│                     │ Scripting vulnerability in /_image endpoint            │
├─────────────────────┼────────────────────────────────────────────────────────┤
│ Package             │ astro                                                  │
├─────────────────────┼────────────────────────────────────────────────────────┤
│ Vulnerable versions │ <5.15.9                                                │
├─────────────────────┼────────────────────────────────────────────────────────┤
│ Patched versions    │ >=5.15.9                                               │
├─────────────────────┼────────────────────────────────────────────────────────┤
│ Paths               │ .>astro                                                │
├─────────────────────┼────────────────────────────────────────────────────────┤
│ More info           │ https://github.com/advisories/GHSA-fvmw-cj7j-j39q      │
└─────────────────────┴────────────────────────────────────────────────────────┘
┌─────────────────────┬────────────────────────────────────────────────────────┐
│ moderate            │ Astro's middleware authentication checks based on      │
│                     │ url.pathname can be bypassed via url encoded values    │
├─────────────────────┼────────────────────────────────────────────────────────┤
│ Package             │ astro                                                  │
├─────────────────────┼────────────────────────────────────────────────────────┤
│ Vulnerable versions │ <5.15.8                                                │
├─────────────────────┼────────────────────────────────────────────────────────┤
│ Patched versions    │ >=5.15.8                                               │
├─────────────────────┼────────────────────────────────────────────────────────┤
│ Paths               │ .>astro                                                │
├─────────────────────┼────────────────────────────────────────────────────────┤
│ More info           │ https://github.com/advisories/GHSA-ggxq-hp9w-j794      │
└─────────────────────┴────────────────────────────────────────────────────────┘
┌─────────────────────┬────────────────────────────────────────────────────────┐
│ moderate            │ Astro has an Authentication Bypass via Double URL      │
│                     │ Encoding, a bypass for CVE-2025-64765                  │
├─────────────────────┼────────────────────────────────────────────────────────┤
│ Package             │ astro                                                  │
├─────────────────────┼────────────────────────────────────────────────────────┤
│ Vulnerable versions │ <5.15.8                                                │
├─────────────────────┼────────────────────────────────────────────────────────┤
│ Patched versions    │ >=5.15.8                                               │
├─────────────────────┼────────────────────────────────────────────────────────┤
│ Paths               │ .>astro                                                │
├─────────────────────┼────────────────────────────────────────────────────────┤
│ More info           │ https://github.com/advisories/GHSA-whqg-ppgf-wp8c      │
└─────────────────────┴────────────────────────────────────────────────────────┘
┌─────────────────────┬────────────────────────────────────────────────────────┐
│ moderate            │ Vite has a `server.fs.deny` bypassed for `inline` and  │
│                     │ `raw` with `?import` query                             │
├─────────────────────┼────────────────────────────────────────────────────────┤
│ Package             │ vite                                                   │
├─────────────────────┼────────────────────────────────────────────────────────┤
│ Vulnerable versions │ >=5.0.0 <5.4.16                                        │
├─────────────────────┼────────────────────────────────────────────────────────┤
│ Patched versions    │ >=5.4.16                                               │
├─────────────────────┼────────────────────────────────────────────────────────┤
│ Paths               │ .>@astrojs/react>@vitejs/plugin-react>vite             │
├─────────────────────┼────────────────────────────────────────────────────────┤
│ More info           │ https://github.com/advisories/GHSA-4r4m-qw57-chr8      │
└─────────────────────┴────────────────────────────────────────────────────────┘
┌─────────────────────┬────────────────────────────────────────────────────────┐
│ moderate            │ Next.js self-hosted applications vulnerable to DoS via │
│                     │ Image Optimizer remotePatterns configuration           │
├─────────────────────┼────────────────────────────────────────────────────────┤
│ Package             │ next                                                   │
├─────────────────────┼────────────────────────────────────────────────────────┤
│ Vulnerable versions │ >=10.0.0 <15.5.10                                      │
├─────────────────────┼────────────────────────────────────────────────────────┤
│ Patched versions    │ >=15.5.10                                              │
├─────────────────────┼────────────────────────────────────────────────────────┤
│ Paths               │ .>flowbite-react>next-contentlayer>next                │
├─────────────────────┼────────────────────────────────────────────────────────┤
│ More info           │ https://github.com/advisories/GHSA-9g9p-9gw9-jx7f      │
└─────────────────────┴────────────────────────────────────────────────────────┘
┌─────────────────────┬────────────────────────────────────────────────────────┐
│ moderate            │ js-yaml has prototype pollution in merge (<<)          │
├─────────────────────┼────────────────────────────────────────────────────────┤
│ Package             │ js-yaml                                                │
├─────────────────────┼────────────────────────────────────────────────────────┤
│ Vulnerable versions │ <3.14.2                                                │
├─────────────────────┼────────────────────────────────────────────────────────┤
│ Patched versions    │ >=3.14.2                                               │
├─────────────────────┼────────────────────────────────────────────────────────┤
│ Paths               │ .>@astrojs/mdx>gray-matter>js-yaml                     │
├─────────────────────┼────────────────────────────────────────────────────────┤
│ More info           │ https://github.com/advisories/GHSA-mh29-5h37-fv8m      │
└─────────────────────┴────────────────────────────────────────────────────────┘
┌─────────────────────┬────────────────────────────────────────────────────────┐
│ moderate            │ js-yaml has prototype pollution in merge (<<)          │
├─────────────────────┼────────────────────────────────────────────────────────┤
│ Package             │ js-yaml                                                │
├─────────────────────┼────────────────────────────────────────────────────────┤
│ Vulnerable versions │ >=4.0.0 <4.1.1                                         │
├─────────────────────┼────────────────────────────────────────────────────────┤
│ Patched versions    │ >=4.1.1                                                │
├─────────────────────┼────────────────────────────────────────────────────────┤
│ Paths               │ .>astro>js-yaml                                        │
├─────────────────────┼────────────────────────────────────────────────────────┤
│ More info           │ https://github.com/advisories/GHSA-mh29-5h37-fv8m      │
└─────────────────────┴────────────────────────────────────────────────────────┘
┌─────────────────────┬────────────────────────────────────────────────────────┐
│ moderate            │ mdast-util-to-hast has unsanitized class attribute     │
├─────────────────────┼────────────────────────────────────────────────────────┤
│ Package             │ mdast-util-to-hast                                     │
├─────────────────────┼────────────────────────────────────────────────────────┤
│ Vulnerable versions │ >=13.0.0 <13.2.1                                       │
├─────────────────────┼────────────────────────────────────────────────────────┤
│ Patched versions    │ >=13.2.1                                               │
├─────────────────────┼────────────────────────────────────────────────────────┤
│ Paths               │ .>@astrojs/mdx>@astrojs/markdown-remark>remark-        │
│                     │ rehype>mdast-util-to-hast                              │
│                     │                                                        │
│                     │ .>astro>mdast-util-to-hast                             │
├─────────────────────┼────────────────────────────────────────────────────────┤
│ More info           │ https://github.com/advisories/GHSA-4fh9-h7wg-q85m      │
└─────────────────────┴────────────────────────────────────────────────────────┘
┌─────────────────────┬────────────────────────────────────────────────────────┐
│ moderate            │ devalue has prototype pollution in devalue.parse and   │
│                     │ devalue.unflatten                                      │
├─────────────────────┼────────────────────────────────────────────────────────┤
│ Package             │ devalue                                                │
├─────────────────────┼────────────────────────────────────────────────────────┤
│ Vulnerable versions │ <5.6.4                                                 │
├─────────────────────┼────────────────────────────────────────────────────────┤
│ Patched versions    │ >=5.6.4                                                │
├─────────────────────┼────────────────────────────────────────────────────────┤
│ Paths               │ .>astro>devalue                                        │
├─────────────────────┼────────────────────────────────────────────────────────┤
│ More info           │ https://github.com/advisories/GHSA-cfw5-2vxh-hr84      │
└─────────────────────┴────────────────────────────────────────────────────────┘
┌─────────────────────┬────────────────────────────────────────────────────────┐
│ moderate            │ Next.js: HTTP request smuggling in rewrites            │
├─────────────────────┼────────────────────────────────────────────────────────┤
│ Package             │ next                                                   │
├─────────────────────┼────────────────────────────────────────────────────────┤
│ Vulnerable versions │ >=9.5.0 <15.5.13                                       │
├─────────────────────┼────────────────────────────────────────────────────────┤
│ Patched versions    │ >=15.5.13                                              │
├─────────────────────┼────────────────────────────────────────────────────────┤
│ Paths               │ .>flowbite-react>next-contentlayer>next                │
├─────────────────────┼────────────────────────────────────────────────────────┤
│ More info           │ https://github.com/advisories/GHSA-ggv3-7p47-pfv8      │
└─────────────────────┴────────────────────────────────────────────────────────┘
┌─────────────────────┬────────────────────────────────────────────────────────┐
│ moderate            │ Next.js: Unbounded next/image disk cache growth can    │
│                     │ exhaust storage                                        │
├─────────────────────┼────────────────────────────────────────────────────────┤
│ Package             │ next                                                   │
├─────────────────────┼────────────────────────────────────────────────────────┤
│ Vulnerable versions │ >=10.0.0 <15.5.14                                      │
├─────────────────────┼────────────────────────────────────────────────────────┤
│ Patched versions    │ >=15.5.14                                              │
├─────────────────────┼────────────────────────────────────────────────────────┤
│ Paths               │ .>flowbite-react>next-contentlayer>next                │
├─────────────────────┼────────────────────────────────────────────────────────┤
│ More info           │ https://github.com/advisories/GHSA-3x4c-7xq6-9pq8      │
└─────────────────────┴────────────────────────────────────────────────────────┘
┌─────────────────────┬────────────────────────────────────────────────────────┐
│ moderate            │ brace-expansion: Zero-step sequence causes process     │
│                     │ hang and memory exhaustion                             │
├─────────────────────┼────────────────────────────────────────────────────────┤
│ Package             │ brace-expansion                                        │
├─────────────────────┼────────────────────────────────────────────────────────┤
│ Vulnerable versions │ >=2.0.0 <2.0.3                                         │
├─────────────────────┼────────────────────────────────────────────────────────┤
│ Patched versions    │ >=2.0.3                                                │
├─────────────────────┼────────────────────────────────────────────────────────┤
│ Paths               │ .>tailwindcss>sucrase>glob>minimatch>brace-expansion   │
├─────────────────────┼────────────────────────────────────────────────────────┤
│ More info           │ https://github.com/advisories/GHSA-f886-m6hf-6m8v      │
└─────────────────────┴────────────────────────────────────────────────────────┘
┌─────────────────────┬────────────────────────────────────────────────────────┐
│ moderate            │ Picomatch: Method Injection in POSIX Character Classes │
│                     │ causes incorrect Glob Matching                         │
├─────────────────────┼────────────────────────────────────────────────────────┤
│ Package             │ picomatch                                              │
├─────────────────────┼────────────────────────────────────────────────────────┤
│ Vulnerable versions │ <2.3.2                                                 │
├─────────────────────┼────────────────────────────────────────────────────────┤
│ Patched versions    │ >=2.3.2                                                │
├─────────────────────┼────────────────────────────────────────────────────────┤
│ Paths               │ .>@astrojs/check>chokidar>anymatch>picomatch           │
├─────────────────────┼────────────────────────────────────────────────────────┤
│ More info           │ https://github.com/advisories/GHSA-3v7f-55p6-f55p      │
└─────────────────────┴────────────────────────────────────────────────────────┘
┌─────────────────────┬────────────────────────────────────────────────────────┐
│ moderate            │ yaml is vulnerable to Stack Overflow via deeply nested │
│                     │ YAML collections                                       │
├─────────────────────┼────────────────────────────────────────────────────────┤
│ Package             │ yaml                                                   │
├─────────────────────┼────────────────────────────────────────────────────────┤
│ Vulnerable versions │ >=2.0.0 <2.8.3                                         │
├─────────────────────┼────────────────────────────────────────────────────────┤
│ Patched versions    │ >=2.8.3                                                │
├─────────────────────┼────────────────────────────────────────────────────────┤
│ Paths               │ .>@astrojs/tailwind>postcss-load-config>yaml           │
├─────────────────────┼────────────────────────────────────────────────────────┤
│ More info           │ https://github.com/advisories/GHSA-48c2-rrv3-qjmp      │
└─────────────────────┴────────────────────────────────────────────────────────┘
┌─────────────────────┬────────────────────────────────────────────────────────┐
│ moderate            │ Vite Vulnerable to Path Traversal in Optimized Deps    │
│                     │ `.map` Handling                                        │
├─────────────────────┼────────────────────────────────────────────────────────┤
│ Package             │ vite                                                   │
├─────────────────────┼────────────────────────────────────────────────────────┤
│ Vulnerable versions │ <=6.4.1                                                │
├─────────────────────┼────────────────────────────────────────────────────────┤
│ Patched versions    │ >=6.4.2                                                │
├─────────────────────┼────────────────────────────────────────────────────────┤
│ Paths               │ .>@astrojs/react>@vitejs/plugin-react>vite             │
├─────────────────────┼────────────────────────────────────────────────────────┤
│ More info           │ https://github.com/advisories/GHSA-4w7w-66w2-5vf9      │
└─────────────────────┴────────────────────────────────────────────────────────┘
┌─────────────────────┬────────────────────────────────────────────────────────┐
│ moderate            │ Entity Expansion Limits Bypassed When Set to Zero Due  │
│                     │ to JavaScript Falsy Evaluation in fast-xml-parser      │
├─────────────────────┼────────────────────────────────────────────────────────┤
│ Package             │ fast-xml-parser                                        │
├─────────────────────┼────────────────────────────────────────────────────────┤
│ Vulnerable versions │ >=4.0.0-beta.3 <4.5.5                                  │
├─────────────────────┼────────────────────────────────────────────────────────┤
│ Patched versions    │ >=4.5.5                                                │
├─────────────────────┼────────────────────────────────────────────────────────┤
│ Paths               │ .>@astrojs/rss>fast-xml-parser                         │
├─────────────────────┼────────────────────────────────────────────────────────┤
│ More info           │ https://github.com/advisories/GHSA-jp2q-39xq-3w4g      │
└─────────────────────┴────────────────────────────────────────────────────────┘
┌─────────────────────┬────────────────────────────────────────────────────────┐
│ moderate            │ fast-xml-parser XMLBuilder: XML Comment and CDATA      │
│                     │ Injection via Unescaped Delimiters                     │
├─────────────────────┼────────────────────────────────────────────────────────┤
│ Package             │ fast-xml-parser                                        │
├─────────────────────┼────────────────────────────────────────────────────────┤
│ Vulnerable versions │ <5.7.0                                                 │
├─────────────────────┼────────────────────────────────────────────────────────┤
│ Patched versions    │ >=5.7.0                                                │
├─────────────────────┼────────────────────────────────────────────────────────┤
│ Paths               │ .>@astrojs/rss>fast-xml-parser                         │
├─────────────────────┼────────────────────────────────────────────────────────┤
│ More info           │ https://github.com/advisories/GHSA-gh4j-gqv2-49f6      │
└─────────────────────┴────────────────────────────────────────────────────────┘
┌─────────────────────┬────────────────────────────────────────────────────────┐
│ moderate            │ uuid: Missing buffer bounds check in v3/v5/v6 when buf │
│                     │ is provided                                            │
├─────────────────────┼────────────────────────────────────────────────────────┤
│ Package             │ uuid                                                   │
├─────────────────────┼────────────────────────────────────────────────────────┤
│ Vulnerable versions │ <14.0.0                                                │
├─────────────────────┼────────────────────────────────────────────────────────┤
│ Patched versions    │ >=14.0.0                                               │
├─────────────────────┼────────────────────────────────────────────────────────┤
│ Paths               │ .>flowbite-react>contentlayer>@contentlayer/core>mdx-  │
│                     │ bundler>uuid                                           │
├─────────────────────┼────────────────────────────────────────────────────────┤
│ More info           │ https://github.com/advisories/GHSA-w5hq-g745-h8pq      │
└─────────────────────┴────────────────────────────────────────────────────────┘
┌─────────────────────┬────────────────────────────────────────────────────────┐
│ moderate            │ PostCSS has XSS via Unescaped </style> in its CSS      │
│                     │ Stringify Output                                       │
├─────────────────────┼────────────────────────────────────────────────────────┤
│ Package             │ postcss                                                │
├─────────────────────┼────────────────────────────────────────────────────────┤
│ Vulnerable versions │ <8.5.10                                                │
├─────────────────────┼────────────────────────────────────────────────────────┤
│ Patched versions    │ >=8.5.10                                               │
├─────────────────────┼────────────────────────────────────────────────────────┤
│ Paths               │ .>@astrojs/react>@vitejs/plugin-react>vite>postcss     │
│                     │                                                        │
│                     │ .>flowbite-react>next-contentlayer>next>postcss        │
├─────────────────────┼────────────────────────────────────────────────────────┤
│ More info           │ https://github.com/advisories/GHSA-qx2v-qp2m-jg93      │
└─────────────────────┴────────────────────────────────────────────────────────┘
┌─────────────────────┬────────────────────────────────────────────────────────┐
│ moderate            │ Astro: XSS in define:vars via incomplete </script> tag │
│                     │ sanitization                                           │
├─────────────────────┼────────────────────────────────────────────────────────┤
│ Package             │ astro                                                  │
├─────────────────────┼────────────────────────────────────────────────────────┤
│ Vulnerable versions │ <6.1.6                                                 │
├─────────────────────┼────────────────────────────────────────────────────────┤
│ Patched versions    │ >=6.1.6                                                │
├─────────────────────┼────────────────────────────────────────────────────────┤
│ Paths               │ .>astro                                                │
├─────────────────────┼────────────────────────────────────────────────────────┤
│ More info           │ https://github.com/advisories/GHSA-j687-52p2-xcff      │
└─────────────────────┴────────────────────────────────────────────────────────┘
┌─────────────────────┬────────────────────────────────────────────────────────┐
│ low                 │ cookie accepts cookie name, path, and domain with out  │
│                     │ of bounds characters                                   │
├─────────────────────┼────────────────────────────────────────────────────────┤
│ Package             │ cookie                                                 │
├─────────────────────┼────────────────────────────────────────────────────────┤
│ Vulnerable versions │ <0.7.0                                                 │
├─────────────────────┼────────────────────────────────────────────────────────┤
│ Patched versions    │ >=0.7.0                                                │
├─────────────────────┼────────────────────────────────────────────────────────┤
│ Paths               │ .>astro>cookie                                         │
├─────────────────────┼────────────────────────────────────────────────────────┤
│ More info           │ https://github.com/advisories/GHSA-pxg6-pf52-xh8x      │
└─────────────────────┴────────────────────────────────────────────────────────┘
┌─────────────────────┬────────────────────────────────────────────────────────┐
│ low                 │ brace-expansion Regular Expression Denial of Service   │
│                     │ vulnerability                                          │
├─────────────────────┼────────────────────────────────────────────────────────┤
│ Package             │ brace-expansion                                        │
├─────────────────────┼────────────────────────────────────────────────────────┤
│ Vulnerable versions │ >=2.0.0 <=2.0.1                                        │
├─────────────────────┼────────────────────────────────────────────────────────┤
│ Patched versions    │ >=2.0.2                                                │
├─────────────────────┼────────────────────────────────────────────────────────┤
│ Paths               │ .>tailwindcss>sucrase>glob>minimatch>brace-expansion   │
├─────────────────────┼────────────────────────────────────────────────────────┤
│ More info           │ https://github.com/advisories/GHSA-v6h2-p8h4-qcjw      │
└─────────────────────┴────────────────────────────────────────────────────────┘
┌─────────────────────┬────────────────────────────────────────────────────────┐
│ low                 │ Information exposure in Next.js dev server due to lack │
│                     │ of origin verification                                 │
├─────────────────────┼────────────────────────────────────────────────────────┤
│ Package             │ next                                                   │
├─────────────────────┼────────────────────────────────────────────────────────┤
│ Vulnerable versions │ >=13.0 <14.2.30                                        │
├─────────────────────┼────────────────────────────────────────────────────────┤
│ Patched versions    │ >=14.2.30                                              │
├─────────────────────┼────────────────────────────────────────────────────────┤
│ Paths               │ .>flowbite-react>next-contentlayer>next                │
├─────────────────────┼────────────────────────────────────────────────────────┤
│ More info           │ https://github.com/advisories/GHSA-3h52-269p-cp9r      │
└─────────────────────┴────────────────────────────────────────────────────────┘
┌─────────────────────┬────────────────────────────────────────────────────────┐
│ low                 │ Vite middleware may serve files starting with the same │
│                     │ name with the public directory                         │
├─────────────────────┼────────────────────────────────────────────────────────┤
│ Package             │ vite                                                   │
├─────────────────────┼────────────────────────────────────────────────────────┤
│ Vulnerable versions │ <=5.4.19                                               │
├─────────────────────┼────────────────────────────────────────────────────────┤
│ Patched versions    │ >=5.4.20                                               │
├─────────────────────┼────────────────────────────────────────────────────────┤
│ Paths               │ .>@astrojs/react>@vitejs/plugin-react>vite             │
├─────────────────────┼────────────────────────────────────────────────────────┤
│ More info           │ https://github.com/advisories/GHSA-g4jq-h2w9-997c      │
└─────────────────────┴────────────────────────────────────────────────────────┘
┌─────────────────────┬────────────────────────────────────────────────────────┐
│ low                 │ Vite's `server.fs` settings were not applied to HTML   │
│                     │ files                                                  │
├─────────────────────┼────────────────────────────────────────────────────────┤
│ Package             │ vite                                                   │
├─────────────────────┼────────────────────────────────────────────────────────┤
│ Vulnerable versions │ <=5.4.19                                               │
├─────────────────────┼────────────────────────────────────────────────────────┤
│ Patched versions    │ >=5.4.20                                               │
├─────────────────────┼────────────────────────────────────────────────────────┤
│ Paths               │ .>@astrojs/react>@vitejs/plugin-react>vite             │
├─────────────────────┼────────────────────────────────────────────────────────┤
│ More info           │ https://github.com/advisories/GHSA-jqfw-vq24-v9c3      │
└─────────────────────┴────────────────────────────────────────────────────────┘
┌─────────────────────┬────────────────────────────────────────────────────────┐
│ low                 │ Next.js Race Condition to Cache Poisoning              │
├─────────────────────┼────────────────────────────────────────────────────────┤
│ Package             │ next                                                   │
├─────────────────────┼────────────────────────────────────────────────────────┤
│ Vulnerable versions │ >=0.9.9 <14.2.24                                       │
├─────────────────────┼────────────────────────────────────────────────────────┤
│ Patched versions    │ >=14.2.24                                              │
├─────────────────────┼────────────────────────────────────────────────────────┤
│ Paths               │ .>flowbite-react>next-contentlayer>next                │
├─────────────────────┼────────────────────────────────────────────────────────┤
│ More info           │ https://github.com/advisories/GHSA-qpjv-v59x-3qc4      │
└─────────────────────┴────────────────────────────────────────────────────────┘
┌─────────────────────┬────────────────────────────────────────────────────────┐
│ low                 │ Astro Development Server has Arbitrary Local File Read │
├─────────────────────┼────────────────────────────────────────────────────────┤
│ Package             │ astro                                                  │
├─────────────────────┼────────────────────────────────────────────────────────┤
│ Vulnerable versions │ <5.14.3                                                │
├─────────────────────┼────────────────────────────────────────────────────────┤
│ Patched versions    │ >=5.14.3                                               │
├─────────────────────┼────────────────────────────────────────────────────────┤
│ Paths               │ .>astro                                                │
├─────────────────────┼────────────────────────────────────────────────────────┤
│ More info           │ https://github.com/advisories/GHSA-x3h8-62x9-952g      │
└─────────────────────┴────────────────────────────────────────────────────────┘
┌─────────────────────┬────────────────────────────────────────────────────────┐
│ low                 │ jsdiff has a Denial of Service vulnerability in        │
│                     │ parsePatch and applyPatch                              │
├─────────────────────┼────────────────────────────────────────────────────────┤
│ Package             │ diff                                                   │
├─────────────────────┼────────────────────────────────────────────────────────┤
│ Vulnerable versions │ >=5.0.0 <5.2.2                                         │
├─────────────────────┼────────────────────────────────────────────────────────┤
│ Patched versions    │ >=5.2.2                                                │
├─────────────────────┼────────────────────────────────────────────────────────┤
│ Paths               │ .>astro>diff                                           │
├─────────────────────┼────────────────────────────────────────────────────────┤
│ More info           │ https://github.com/advisories/GHSA-73rr-hh4g-fpgx      │
└─────────────────────┴────────────────────────────────────────────────────────┘
┌─────────────────────┬────────────────────────────────────────────────────────┐
│ low                 │ devalue affected by CPU and memory amplification from  │
│                     │ sparse arrays                                          │
├─────────────────────┼────────────────────────────────────────────────────────┤
│ Package             │ devalue                                                │
├─────────────────────┼────────────────────────────────────────────────────────┤
│ Vulnerable versions │ <=5.6.2                                                │
├─────────────────────┼────────────────────────────────────────────────────────┤
│ Patched versions    │ >=5.6.3                                                │
├─────────────────────┼────────────────────────────────────────────────────────┤
│ Paths               │ .>astro>devalue                                        │
├─────────────────────┼────────────────────────────────────────────────────────┤
│ More info           │ https://github.com/advisories/GHSA-33hq-fvwr-56pm      │
└─────────────────────┴────────────────────────────────────────────────────────┘
┌─────────────────────┬────────────────────────────────────────────────────────┐
│ low                 │ devalue `uneval`ed code can create objects with        │
│                     │ polluted prototypes when `eval`ed                      │
├─────────────────────┼────────────────────────────────────────────────────────┤
│ Package             │ devalue                                                │
├─────────────────────┼────────────────────────────────────────────────────────┤
│ Vulnerable versions │ <=5.6.2                                                │
├─────────────────────┼────────────────────────────────────────────────────────┤
│ Patched versions    │ >=5.6.3                                                │
├─────────────────────┼────────────────────────────────────────────────────────┤
│ Paths               │ .>astro>devalue                                        │
├─────────────────────┼────────────────────────────────────────────────────────┤
│ More info           │ https://github.com/advisories/GHSA-8qm3-746x-r74r      │
└─────────────────────┴────────────────────────────────────────────────────────┘
┌─────────────────────┬────────────────────────────────────────────────────────┐
│ low                 │ fast-xml-parser has stack overflow in XMLBuilder with  │
│                     │ preserveOrder                                          │
├─────────────────────┼────────────────────────────────────────────────────────┤
│ Package             │ fast-xml-parser                                        │
├─────────────────────┼────────────────────────────────────────────────────────┤
│ Vulnerable versions │ >=4.0.0-beta.0 <4.5.4                                  │
├─────────────────────┼────────────────────────────────────────────────────────┤
│ Patched versions    │ >=4.5.4                                                │
├─────────────────────┼────────────────────────────────────────────────────────┤
│ Paths               │ .>@astrojs/rss>fast-xml-parser                         │
├─────────────────────┼────────────────────────────────────────────────────────┤
│ More info           │ https://github.com/advisories/GHSA-fj3w-jwp8-x2g3      │
└─────────────────────┴────────────────────────────────────────────────────────┘
┌─────────────────────┬────────────────────────────────────────────────────────┐
│ low                 │ Sveltejs devalue's `devalue.parse` and                 │
│                     │ `devalue.unflatten` emit objects with `__proto__` own  │
│                     │ properties                                             │
├─────────────────────┼────────────────────────────────────────────────────────┤
│ Package             │ devalue                                                │
├─────────────────────┼────────────────────────────────────────────────────────┤
│ Vulnerable versions │ <=5.6.3                                                │
├─────────────────────┼────────────────────────────────────────────────────────┤
│ Patched versions    │ >=5.6.4                                                │
├─────────────────────┼────────────────────────────────────────────────────────┤
│ Paths               │ .>astro>devalue                                        │
├─────────────────────┼────────────────────────────────────────────────────────┤
│ More info           │ https://github.com/advisories/GHSA-mwv9-gp5h-frr4      │
└─────────────────────┴────────────────────────────────────────────────────────┘
┌─────────────────────┬────────────────────────────────────────────────────────┐
│ low                 │ Astro: Remote allowlist bypass via unanchored          │
│                     │ matchPathname wildcard                                 │
├─────────────────────┼────────────────────────────────────────────────────────┤
│ Package             │ astro                                                  │
├─────────────────────┼────────────────────────────────────────────────────────┤
│ Vulnerable versions │ >=2.10.10 <5.18.1                                      │
├─────────────────────┼────────────────────────────────────────────────────────┤
│ Patched versions    │ >=5.18.1                                               │
├─────────────────────┼────────────────────────────────────────────────────────┤
│ Paths               │ .>astro                                                │
├─────────────────────┼────────────────────────────────────────────────────────┤
│ More info           │ https://github.com/advisories/GHSA-g735-7g2w-hh3f      │
└─────────────────────┴────────────────────────────────────────────────────────┘
93 vulnerabilities found
Severity: 13 low | 47 moderate | 31 high | 2 critical
